INSERT INTO acabado (id_acabado, nombre) VALUES
(1, 'Planchado'),
(2, 'Hangteado'),
(3, 'Embalaje'),
(4, 'Empaqueta');

INSERT INTO caja_detalle_inicial (id_caja_inicio, id_caja, id_confeccion) VALUES
(230, 1001, 1),
(9, 1002, 2),
(240, 1003, 3),
(303, 1004, 4),
(174, 1005, 5),
(270, 1006, 6),
(184, 1007, 7),
(159, 1008, 8),
(197, 1009, 9),
(121, 1010, 10),
(70, 1011, 11),
(124, 1012, 12),
(12, 1013, 13),
(97, 1014, 14),
(127, 1015, 15),
(237, 1016, 16),
(18, 1017, 17),
(147, 1018, 18),
(149, 1019, 19),
(181, 1020, 20),
(46, 1021, 21),
(116, 1022, 22),
(148, 1023, 23),
(68, 1024, 24);



INSERT INTO Caja (id_caja, fecha_creacion, id_dim_prenda, cantidad) VALUES
(1001, '2023-08-04', 101, 926),
(1002, '2023-08-05', 102, 111),
(1003, '2023-08-06', 103, 744),
(1004, '2023-08-07', 104, 288),
(1005, '2023-08-08', 105, 827),
(1006, '2023-08-09', 106, 788),
(1007, '2023-08-10', 107, 68),
(1008, '2023-08-11', 101, 239),
(1009, '2023-08-12', 102, 427),
(1010, '2023-08-13', 103, 769),
(1011, '2023-08-14', 114, 912),
(1012, '2023-08-15', 115, 867),
(1013, '2023-08-16', 116, 411),
(1014, '2023-08-17', 102, 181),
(1015, '2023-08-18', 103, 290),
(1016, '2023-08-19', 104, 720),
(1017, '2023-08-20', 107, 472),
(1018, '2023-08-21', 109, 473),
(1019, '2023-08-22', 108, 575),
(1020, '2023-08-23', 101, 785),
(1021, '2023-08-24', 104, 913),
(1022, '2023-08-25', 103, 884),
(1023, '2023-08-26', 105, 602),
(1024, '2023-08-27', 106, 64);


INSERT INTO Prenda (id_prenda, id_dim_prenda, id_empleado) VALUES
(101, 101, 10063),
(101, 102, 10064),
(101, 103, 10065),
(101, 104, 10066),
(101, 105, 10067),
(101, 106, 10068),
(101, 107, 10069),
(101, 108, 10070),
(101, 109, 10071),
(101, 110, 10072),
(101, 111, 10073),
(102, 102, 10074),
(102, 102, 10075),
(102, 103, 10069),
(102, 104, 10070),
(102, 105, 10071),
(102, 106, 10072),
(102, 107, 10073),
(102, 108, 10074),
(102, 109, 10075),
(102, 110, 10020),
(102, 111, 10021),
(103, 101, 10022),
(103, 102, 10023),
(103, 103, 10031),
(103, 104, 10032),
(103, 105, 10033),
(103, 106, 10034),
(103, 107, 10035),
(103, 108, 10036),
(103, 109, 10037),
(103, 110, 10038),
(103, 111, 10039),
(104, 101, 10040),
(104, 102, 10041),
(104, 103, 10042),
(104, 104, 10043),
(104, 105, 10044),
(104, 106, 10045),
(104, 107, 10040),
(104, 108, 10041),
(104, 109, 10042),
(104, 110, 10043),
(104, 111, 10044),
(105, 101, 10045),
(105, 102, 10046),
(105, 103, 10047),
(105, 104, 10048),
(105, 105, 10049),
(105, 106, 10050),
(105, 107, 10051),
(105, 108, 10052),
(105, 109, 10053),
(105, 110, 10054),
(105, 111, 10055),
(106, 101, 10056),
(106, 102, 10057),
(106, 103, 10058),
(106, 104, 10059),
(106, 105, 10060),
(106, 106, 10061),
(106, 107, 10062),
(106, 108, 10063),
(106, 109, 10064),
(106, 110, 10065),
(106, 111, 10066),
(107, 101, 10067),
(107, 102, 10068),
(107, 103, 10069),
(107, 104, 10070),
(107, 105, 10071),
(107, 106, 10072),
(107, 107, 10073),
(107, 108, 10074),
(107, 109, 10075),
(107, 110, 10076),
(107, 111, 10077),
(108, 101, 10078),
(108, 102, 10079),
(108, 103, 10080),
(108, 104, 10081),
(108, 105, 10082),
(108, 106, 10083),
(108, 107, 10084),
(108, 108, 10085),
(108, 109, 10086),
(108, 110, 10087),
(108, 111, 10088),
(109, 101, 10089),
(109, 102, 10067),
(109, 103, 10068),
(109, 104, 10069),
(109, 105, 10070),
(109, 106, 10071),
(109, 107, 10072),
(109, 108, 10073),
(109, 109, 10074),
(109, 110, 10075),
(109, 111, 10076),
(110, 101, 10077),
(110, 102, 10078),
(110, 103, 10079),
(110, 104, 10080),
(110, 105, 10075),
(110, 106, 10076),
(110, 107, 10077),
(110, 108, 10078),
(110, 109, 10079),
(110, 110, 10080),
(110, 111, 10081),
(111, 101, 10082),
(111, 102, 10083),
(111, 103, 10084),
(111, 104, 10085),
(111, 105, 10086),
(111, 106, 10087),
(111, 107, 10088),
(111, 108, 10089),
(111, 109, 10067),
(111, 110, 10068),
(111, 111, 10069),
(112, 101, 10070),
(112, 102, 10071),
(112, 103, 10072),
(112, 104, 10056),
(112, 105, 10057),
(112, 106, 10058),
(112, 107, 10059),
(112, 108, 10060),
(112, 109, 10061),
(112, 110, 10062),
(112, 111, 10063),
(113, 101, 10064),
(113, 102, 10065),
(113, 103, 10066),
(113, 104, 10067),
(113, 105, 10068),
(113, 106, 10069),
(113, 107, 10070),
(113, 108, 10071),
(113, 109, 10072),
(113, 110, 10073),
(113, 111, 10074),
(114, 101, 10075),
(114, 102, 10076),
(114, 103, 10077),
(114, 104, 10078),
(114, 105, 10079),
(114, 106, 10080),
(114, 107, 10081),
(114, 108, 10073),
(114, 109, 10074),
(114, 110, 10075),
(114, 111, 10076),
(115, 101, 10077),
(115, 102, 10078),
(115, 103, 10079),
(115, 104, 10080),
(115, 105, 10081),
(115, 106, 10071),
(115, 107, 10072),
(115, 108, 10073),
(115, 109, 10074),
(115, 110, 10075),
(115, 111, 10076),
(116, 101, 10077),
(116, 102, 10078),
(116, 103, 10079),
(116, 104, 10080),
(116, 105, 10081),
(116, 106, 10073),
(116, 107, 10074),
(116, 108, 10075),
(116, 109, 10076),
(116, 110, 10077),
(116, 111, 10078);



INSERT INTO Dimension_prenda (id_dim_prenda, id_dim_confeccion) VALUES
(101, 10),
(102, 11),
(103, 12),
(104, 13),
(105, 14),
(106, 15),
(107, 16),
(108, 17),
(109, 18),
(110, 19),
(111, 20);

INSERT INTO Dim_prenda_detalle (id_dim_prenda, id_acabado) VALUES
(101, 1),
(101, 2),
(101, 3),
(101, 4),
(102, 1),
(102, 2),
(102, 3),
(102, 4),
(103, 1),
(103, 2),
(103, 3),
(103, 4),
(104, 1),
(104, 2),
(104, 3),
(104, 4),
(105, 1),
(105, 3),
(105, 4),
(106, 1),
(106, 2),
(106, 3),
(106, 4),
(107, 1),
(107, 2),
(107, 3),
(107, 4),
(108, 1),
(108, 2),
(108, 3),
(108, 4),
(109, 1),
(109, 2),
(109, 3),
(109, 4),
(110, 1),
(110, 2),
(110, 3),
(110, 4),
(111, 1),
(111, 2),
(111, 3),
(111, 4),
(112, 1),
(112, 2),
(112, 3),
(112, 4),
(113, 1),
(113, 2),
(113, 3),
(113, 4),
(114, 1),
(114, 2),
(114, 3),
(114, 4),
(115, 1),
(115, 2),
(115, 3),
(115, 4),
(116, 1),
(116, 2),
(116, 3),
(116, 4);

INSERT INTO empleado (id_empleado, dni, nombre, primer_apellido, segundo_apellido, id_area, id_direccion, id_telefono, id_correo, id_cargo) VALUES
(10001, '25759599', 'Sofia', 'García', 'Fuentes', 1, 1, 1, 1, 1),
(10002, '27746005', 'Diego', 'Rodríguez', 'Valdez', 1, 2, 2, 2, 2),
(10003, '25487377', 'Valentina', 'Martínez', 'Gallegos', 2, 3, 3, 3, 3),
(10004, '41713573', 'Juan', 'López', 'Villarreal', 3, 4, 4, 4, 3),
(10005, '34326399', 'Camila', 'Pérez', 'Rangel', 4, 5, 5, 5, 3),
(10006, '29478581', 'Carlos', 'Gómez', 'Ochoa', 5, 6, 6, 6, 3),
(10007, '23142411', 'Isabella', 'Sánchez', 'Esparza', 6, 7, 7, 7, 3),
(10008, '41110090', 'Alejandro', 'Díaz', 'Corona', 7, 8, 8, 8, 3),
(10009, '28648778', 'Lucia', 'Hernández', 'Zavala', 8, 9, 9, 9, 3),
(10010, '30753128', 'Daniel', 'González', 'Duarte', 2, 10, 10, 10, 4),
(10011, '36144548', 'Ana', 'Ramírez', 'Téllez', 3, 11, 11, 11, 4),
(10012, '41382898', 'Andres', 'Torres', 'Lara', 4, 12, 12, 12, 4),
(10013, '25346288', 'Maria', 'Flores', 'Cisneros', 5, 13, 13, 13, 4),
(10014, '26956315', 'Javier', 'Vázquez', 'Del Río', 6, 14, 14, 14, 4),
(10015, '28152742', 'Gabriela', 'Ruiz', 'Navarrete', 7, 15, 15, 15, 4),
(10016, '25329615', 'Manuel', 'Castro', 'Benítez', 8, 16, 16, 16, 4),
(10017, '28202605', 'Paula', 'Romero', 'Cordero', 2, 17, 17, 17, 5),
(10018, '28738453', 'Ricardo', 'Morales', 'Osorio', 3, 18, 18, 18, 5),
(10019, '30877645', 'Natalia', 'Ortega', 'Figueroa', 4, 19, 19, 19, 5),
(10020, '34801605', 'Luis', 'Delgado', 'Pacheco', 5, 20, 20, 20, 5),
(10021, '31449151', 'Laura', 'Navarro', 'Lugo', 6, 21, 21, 21, 5),
(10022, '41595264', 'Felipe', 'Espinoza', 'Escobar', 7, 22, 22, 22, 5),
(10023, '24517823', 'Diana', 'Aguilar', 'Sosa', 8, 23, 23, 23, 5),
(10024, '38208480', 'Mateo', 'Mendoza', 'Velasco', 2, 24, 24, 24, 6),
(10025, '36706176', 'Catalina', 'Medina', 'Serrano', 3, 25, 25, 25, 6),
(10026, '25508270', 'David', 'Herrera', 'Córdova', 4, 26, 26, 26, 6),
(10027, '30078092', 'Alejandra', 'Guzmán', 'Vargas', 5, 27, 27, 27, 6),
(10028, '27844573', 'Oscar', 'Reyes', 'Medina', 6, 28, 28, 28, 6),
(10029, '24404102', 'Monica', 'Jiménez', 'Pizarro', 7, 29, 29, 29, 6),
(10030, '36575205', 'Sebastian', 'Díez', 'Chávez', 8, 30, 30, 30, 6),
(10031, '38787236', 'Mariana', 'Silva', 'Salinas', 2, 31, 31, 31, 6),
(10032, '32029207', 'Jorge', 'Rivera', 'Galván', 3, 32, 32, 32, 6),
(10033, '38047943', 'Andrea', 'Fernández', 'Bautista', 4, 33, 33, 33, 6),
(10034, '38698692', 'Federico', 'Ríos', 'Contreras', 5, 34, 34, 34, 6),
(10035, '41794368', 'Elena', 'Álvarez', 'Espino', 6, 35, 35, 35, 6),
(10036, '37538967', 'Fernando', 'Cervantes', 'Maldonado', 7, 36, 36, 36, 6),
(10037, '36930531', 'Daniela', 'Bravo', 'Márquez', 8, 37, 37, 37, 6),
(10038, '41142773', 'Alberto', 'Franco', 'Montes', 2, 38, 38, 38, 6),
(10039, '25895361', 'Veronica', 'Núñez', 'Molina', 3, 39, 39, 39, 6),
(10040, '33410718', 'Miguel', 'Miranda', 'Rosas', 4, 40, 40, 40, 6),
(10041, '31367467', 'Patricia', 'León', 'Aguayo', 5, 41, 41, 41, 6),
(10042, '27684078', 'Ignacio', 'Peralta', 'Luna', 6, 42, 42, 42, 6),
(10043, '29621006', 'Francisca', 'Camacho', 'Beltrán', 7, 43, 43, 43, 6),
(10044, '30495615', 'Rafael', 'Rojas', 'Pineda', 8, 44, 44, 44, 6),
(10045, '26001749', 'Valeria', 'Ponce', 'Lozano', 2, 45, 45, 45, 6),
(10046, '25571429', 'Mario', 'Salazar', 'Barrera', 3, 46, 46, 46, 6),
(10047, '24622104', 'Isabel', 'Quiroz', 'Cabrera', 4, 47, 47, 47, 6),
(10048, '32455777', 'Julian', 'Rosales', 'Cárdenas', 5, 48, 48, 48, 6),
(10049, '32259307', 'Clara', 'Castillo', 'Nieves', 6, 49, 49, 49, 6),
(10050, '27417654', 'Gabriel', 'Ibarra', 'Medina', 7, 50, 50, 50, 6),
(10051, '27635740', 'Silvia', 'Estrada', 'Ponce', 8, 51, 51, 51, 6),
(10052, '36706970', 'Ernesto', 'Aguayo', 'Reyes', 2, 52, 52, 52, 6),
(10053, '25245839', 'Marta', 'Soto', 'Ríos', 3, 53, 53, 53, 6),
(10054, '38186973', 'Rodrigo', 'Acosta', 'Salgado', 4, 54, 54, 54, 6),
(10055, '33152696', 'Lorena', 'Cárdenas', 'Segura', 5, 55, 55, 55, 6),
(10056, '37157288', 'Esteban', 'Robles', 'Solís', 6, 56, 56, 56, 6),
(10057, '27430302', 'Natalia', 'Fuentes', 'Tovar', 7, 57, 57, 57, 6),
(10058, '38317056', 'Hector', 'Valdez', 'Uribe', 8, 58, 58, 58, 6),
(10059, '27093304', 'Antonia', 'Gallegos', 'Vega', 2, 59, 59, 59, 6),
(10060, '28210928', 'Victor', 'Villarreal', 'Aguirre', 3, 60, 60, 60, 6),
(10061, '30928750', 'Sonia', 'Rangel', 'Ayala', 4, 61, 61, 61, 6),
(10062, '23282706', 'Tomas', 'Ochoa', 'Bernal', 5, 62, 62, 62, 6),
(10063, '33886205', 'Eva', 'Esparza', 'Bustamante', 6, 63, 63, 63, 6),
(10064, '37721993', 'Mauricio', 'Corona', 'Calderón', 7, 64, 64, 64, 6),
(10065, '36253799', 'Adriana', 'Zavala', 'Campos', 8, 65, 65, 65, 6),
(10066, '29135702', 'Sergio', 'Duarte', 'Casillas', 2, 66, 66, 66, 6),
(10067, '28219562', 'Beatriz', 'Téllez', 'Chacón', 3, 67, 67, 67, 6),
(10068, '35334135', 'Arturo', 'Lara', 'Covarrubias', 4, 68, 68, 68, 6),
(10069, '25605125', 'Raquel', 'Cisneros', 'Dávila', 5, 69, 69, 69, 6),
(10070, '22989677', 'Pablo', 'Del Río', 'Escamilla', 6, 70, 70, 70, 6),
(10071, '28520783', 'Ines', 'Navarrete', 'Gálvez', 7, 71, 71, 71, 6),
(10072, '31271317', 'Hugo', 'Benítez', 'Guevara', 8, 72, 72, 72, 6),
(10073, '36411502', 'Rosario', 'Cordero', 'Lara', 2, 73, 73, 73, 6),
(10074, '32604537', 'Leonardo', 'Osorio', 'Macías', 3, 74, 74, 74, 6),
(10075, '25038417', 'Elena', 'Figueroa', 'Mata', 4, 75, 75, 75, 6),
(10076, '23176209', 'Ricardo', 'Pacheco', 'Meza', 5, 76, 76, 76, 6),
(10077, '32690247', 'Blanca', 'Lugo', 'Monroy', 6, 77, 77, 77, 6),
(10078, '38702176', 'Emilio', 'Escobar', 'Nava', 7, 78, 78, 78, 6),
(10079, '25603913', 'Carla', 'Sosa', 'Olvera', 8, 79, 79, 79, 6),
(10080, '32994919', 'Martin', 'Velasco', 'Orozco', 2, 80, 80, 80, 6),
(10081, '31193906', 'Aurora', 'Serrano', 'Paredes', 3, 81, 81, 81, 6),
(10082, '31954935', 'Alfonso', 'Córdova', 'Partida', 4, 82, 82, 82, 6),
(10083, '39675558', 'Victoria', 'Vargas', 'Peña', 5, 83, 83, 83, 6),
(10084, '29693298', 'Juan Pablo', 'Medina', 'Quintana', 6, 84, 84, 84, 6),
(10085, '23594543', 'Julia', 'Pizarro', 'Rentería', 7, 85, 85, 85, 6),
(10086, '35513869', 'Nicolas', 'Chávez', 'Reyna', 8, 86, 86, 86, 6),
(10087, '22992650', 'Angela', 'Salinas', 'Robledo', 2, 87, 87, 87, 6),
(10088, '23703154', 'Jose Luis', 'Galván', 'Sainz', 3, 88, 88, 88, 6),
(10089, '25198260', 'Penelope', 'Bautista', 'Tovar', 4, 89, 89, 89, 6);


INSERT INTO Direccion (id_direccion, descripcion) VALUES
(1, 'Av. Los Jazmines 123, Miraflores, Lima'),
(2, 'Jr. Las Orquídeas 456, San Isidro, Lima'),
(3, 'Calle Los Pinos 789, Barranco, Lima'),
(4, 'Av. Las Rosas 101, Surco, Lima'),
(5, 'Jr. Los Girasoles 234, Magdalena, Lima'),
(6, 'Calle Las Gardenias 567, San Borja, Lima'),
(7, 'Av. Los Tulipanes 890, La Molina, Lima'),
(8, 'Jr. Las Margaritas 112, Pueblo Libre, Lima'),
(9, 'Calle Los Cerezos 345, Chorrillos, Lima'),
(10, 'Av. Las Violetas 678, Jesús María, Lima'),
(11, 'Jr. Las Azucenas 910, Lince, Lima'),
(12, 'Calle Los Lirios 131, San Miguel, Lima'),
(13, 'Av. Las Orquídeas 415, Surquillo, Lima'),
(14, 'Jr. Los Girasoles 677, Breña, Lima'),
(15, 'Calle Los Claveles 891, La Victoria, Lima'),
(16, 'Av. Las Rosas 223, Santa Anita, Lima'),
(17, 'Jr. Las Gardenias 444, Villa El Salvador, Lima'),
(18, 'Calle Los Jazmines 666, Callao, Lima'),
(19, 'Av. Los Tulipanes 999, Pucusana, Lima'),
(20, 'Jr. Las Orquídeas 121, Puente Piedra, Lima'),
(21, 'Calle Las Margaritas 354, Ventanilla, Lima'),
(22, 'Av. Los Girasoles 587, Ancón, Lima'),
(23, 'Jr. Las Violetas 112, Carabayllo, Lima'),
(24, 'Calle Los Cerezos 336, Chaclacayo, Lima'),
(25, 'Av. Las Azucenas 669, Cieneguilla, Lima'),
(26, 'Jr. Las Rosas 891, Pachacámac, Lima'),
(27, 'Calle Los Lirios 123, San Juan de Lurigancho, Lima'),
(28, 'Av. Las Orquídeas 456, San Juan de Miraflores, Lima'),
(29, 'Jr. Los Claveles 789, Santa Rosa, Lima'),
(30, 'Calle Los Tulipanes 101, Santa María del Mar, Lima'),
(31, 'Av. Las Gardenias 234, Lurín, Lima'),
(32, 'Jr. Las Margaritas 567, Ate, Lima'),
(33, 'Calle Las Azucenas 890, El Agustino, Lima'),
(34, 'Av. Los Jazmines 112, Santa Anita, Lima'),
(35, 'Jr. Las Rosas 415, Lurigancho, Lima'),
(36, 'Calle Los Girasoles 677, San Juan de Lurigancho, Lima'),
(37, 'Av. Las Orquídeas 891, La Molina, Lima'),
(38, 'Jr. Las Violetas 223, San Borja, Lima'),
(39, 'Calle Los Claveles 444, Surco, Lima'),
(40, 'Av. Los Lirios 666, Miraflores, Lima'),
(41, 'Jr. Las Margaritas 999, San Isidro, Lima'),
(42, 'Calle Las Gardenias 121, Barranco, Lima'),
(43, 'Av. Los Girasoles 354, Magdalena, Lima'),
(44, 'Jr. Las Rosas 587, San Miguel, Lima'),
(45, 'Calle Los Tulipanes 112, Pueblo Libre, Lima'),
(46, 'Av. Las Orquídeas 336, Chorrillos, Lima'),
(47, 'Jr. Las Azucenas 669, Jesús María, Lima'),
(48, 'Calle Los Claveles 891, San Borja, Lima'),
(49, 'Av. Los Lirios 101, San Isidro, Lima'),
(50, 'Jr. Las Margaritas 234, Surco, Lima'),
(51, 'Calle Las Gardenias 456, Miraflores, Lima'),
(52, 'Av. Los Girasoles 789, San Isidro, Lima'),
(53, 'Jr. Las Rosas 101, Surco, Lima'),
(54, 'Calle Los Tulipanes 678, Miraflores, Lima'),
(55, 'Av. Las Orquídeas 123, San Borja, Lima'),
(56, 'Jr. Las Azucenas 415, Surco, Lima'),
(57, 'Calle Los Claveles 567, Miraflores, Lima'),
(58, 'Av. Los Lirios 890, San Isidro, Lima'),
(59, 'Jr. Las Margaritas 112, Surco, Lima'),
(60, 'Calle Las Gardenias 354, Miraflores, Lima'),
(61, 'Av. Los Girasoles 567, San Isidro, Lima'),
(62, 'Jr. Las Rosas 789, Surco, Lima'),
(63, 'Calle Los Tulipanes 112, Miraflores, Lima'),
(64, 'Av. Las Orquídeas 234, San Borja, Lima'),
(65, 'Jr. Las Azucenas 456, Surco, Lima'),
(66, 'Calle Los Claveles 678, Miraflores, Lima'),
(67, 'Av. Los Lirios 101, San Isidro, Lima'),
(68, 'Jr. Las Margaritas 415, Surco, Lima'),
(69, 'Calle Las Gardenias 567, Miraflores, Lima'),
(70, 'Av. Los Girasoles 789, San Isidro, Lima'),
(71, 'Jr. Las Rosas 112, Surco, Lima'),
(72, 'Calle Los Tulipanes 354, Miraflores, Lima'),
(73, 'Av. Las Orquídeas 567, San Borja, Lima'),
(74, 'Jr. Las Azucenas 789, Surco, Lima'),
(75, 'Calle Los Claveles 101, Miraflores, Lima'),
(76, 'Av. Los Lirios 415, San Isidro, Lima'),
(77, 'Jr. Las Margaritas 678, Surco, Lima'),
(78, 'Calle Las Gardenias 123, Miraflores, Lima'),
(79, 'Av. Los Girasoles 234, San Isidro, Lima'),
(80, 'Jr. Las Rosas 456, Surco, Lima'),
(81, 'Calle Los Tulipanes 789, Miraflores, Lima'),
(82, 'Av. Las Orquídeas 101, San Borja, Lima'),
(83, 'Jr. Las Azucenas 354, Surco, Lima'),
(84, 'Calle Los Claveles 567, Miraflores, Lima'),
(85, 'Av. Los Lirios 890, San Isidro, Lima'),
(86, 'Jr. Las Margaritas 112, Surco, Lima'),
(87, 'Calle Las Gardenias 415, Miraflores, Lima'),
(88, 'Av. Los Girasoles 678, San Isidro, Lima'),
(89, 'Jr. Las Rosas 123, Surco, Lima');


INSERT INTO correo (id_correo, direccion_correo) VALUES
(1, 'sofgarfue@gmail.com'),
(2, 'dierodval@gmail.com'),
(3, 'valmargal@gmail.com'),
(4, 'jualopvil@gmail.com'),
(5, 'camperran@gmail.com'),
(6, 'cargomoch@gmail.com'),
(7, 'isasanesp@gmail.com'),
(8, 'alediacor@gmail.com'),
(9, 'lucherzav@gmail.com'),
(10, 'dangondua@gmail.com'),
(11, 'anaramtel@gmail.com'),
(12, 'andtorlar@gmail.com'),
(13, 'marflocis@gmail.com'),
(14, 'javvazdel@gmail.com'),
(15, 'gabruinav@gmail.com'),
(16, 'mancasben@gmail.com'),
(17, 'pauromcor@gmail.com'),
(18, 'ricmoroso@gmail.com'),
(19, 'natortfig@gmail.com'),
(20, 'luidelpac@gmail.com'),
(21, 'launavlug@gmail.com'),
(22, 'felespesc@gmail.com'),
(23, 'diaagusos@gmail.com'),
(24, 'matmenvel@gmail.com'),
(25, 'catmedser@gmail.com'),
(26, 'davhercor@gmail.com'),
(27, 'aleguzvar@gmail.com'),
(28, 'oscreymed@gmail.com'),
(29, 'monjimpiz@gmail.com'),
(30, 'sebdiecha@gmail.com'),
(31, 'marsilsal@gmail.com'),
(32, 'jorrivgal@gmail.com'),
(33, 'andferbau@gmail.com'),
(34, 'fedriocon@gmail.com'),
(35, 'elealvesp@gmail.com'),
(36, 'fercermal@gmail.com'),
(37, 'danbramar@gmail.com'),
(38, 'albframon@gmail.com'),
(39, 'vernuñmol@gmail.com'),
(40, 'migmirros@gmail.com'),
(41, 'patleoagu@gmail.com'),
(42, 'ignperlun@gmail.com'),
(43, 'fracambel@gmail.com'),
(44, 'rafrojpin@gmail.com'),
(45, 'valponloz@gmail.com'),
(46, 'marsalbar@gmail.com'),
(47, 'isaquicab@gmail.com'),
(48, 'julroscar@gmail.com'),
(49, 'clacasnie@gmail.com'),
(50, 'gabibamed@gmail.com'),
(51, 'silestpon@gmail.com'),
(52, 'ernagurey@gmail.com'),
(53, 'marsotrio@gmail.com'),
(54, 'rodacosal@gmail.com'),
(55, 'lorcarseg@gmail.com'),
(56, 'estrobsol@gmail.com'),
(57, 'natfuetov@gmail.com'),
(58, 'hecvaluri@gmail.com'),
(59, 'antgalveg@gmail.com'),
(60, 'vicvilagu@gmail.com'),
(61, 'sonranaya@gmail.com'),
(62, 'tomochber@gmail.com'),
(63, 'evaespbus@gmail.com'),
(64, 'maucorcal@gmail.com'),
(65, 'adrzavcam@gmail.com'),
(66, 'serduacas@gmail.com'),
(67, 'beatelcha@gmail.com'),
(68, 'artlarcov@gmail.com'),
(69, 'raqcisdav@gmail.com'),
(70, 'pabdelesc@gmail.com'),
(71, 'inenavgal@gmail.com'),
(72, 'hugbengue@gmail.com'),
(73, 'roscorlar@gmail.com'),
(74, 'leoosomac@gmail.com'),
(75, 'elefigmat@gmail.com'),
(76, 'ricpacmez@gmail.com'),
(77, 'blalugmon@gmail.com'),
(78, 'emiescnav@gmail.com'),
(79, 'carsosolv@gmail.com'),
(80, 'marveloro@gmail.com'),
(81, 'aurserpar@gmail.com'),
(82, 'alfcorpar@gmail.com'),
(83, 'vicvarpeñ@gmail.com'),
(84, 'juamedqui@gmail.com'),
(85, 'julpizren@gmail.com'),
(86, 'niccharey@gmail.com'),
(87, 'angsalrob@gmail.com'),
(88, 'josgalsai@gmail.com'),
(89, 'penbautov@gmail.com');



INSERT INTO telefono (id_correo, numero) VALUES
(1, 987456321),
(2, 963187459),
(3, 924568713),
(4, 974632581),
(5, 938476215),
(6, 957293148),
(7, 916384725),
(8, 942857163),
(9, 973659481),
(10, 928573469),
(11, 963718425),
(12, 987412536),
(13, 962485973),
(14, 935784621),
(15, 946873521),
(16, 921637845),
(17, 937492851),
(18, 968273594),
(19, 945732816),
(20, 931627485),
(21, 984639275),
(22, 924786315),
(23, 973658241),
(24, 952468137),
(25, 943857296),
(26, 962731845),
(27, 946582371),
(28, 937186429),
(29, 928574361),
(30, 963487152),
(31, 942871539),
(32, 927634581),
(33, 937592648),
(34, 984625739),
(35, 928467315),
(36, 967384125),
(37, 943867215),
(38, 926738514),
(39, 937489621),
(40, 926874513),
(41, 942687153),
(42, 967314852),
(43, 924781593),
(44, 938465721),
(45, 967345821),
(46, 924863715),
(47, 968734521),
(48, 943762185),
(49, 928756413),
(50, 962471539),
(51, 943678125),
(52, 926487531),
(53, 978462513),
(54, 968725431),
(55, 942675831),
(56, 936258714),
(57, 924587316),
(58, 937856241),
(59, 928637514),
(60, 946387512),
(61, 928746513),
(62, 936428751),
(63, 972465831),
(64, 943726851),
(65, 967238514),
(66, 938527641),
(67, 924786513),
(68, 963485721),
(69, 924876315),
(70, 937542861),
(71, 962857431),
(72, 934786521),
(73, 926458731),
(74, 978453621),
(75, 968257413),
(76, 947536821),
(77, 926784315),
(78, 938475621),
(79, 967254831),
(80, 942638751),
(81, 973568214),
(82, 934786521),
(83, 928674513),
(84, 962487531),
(85, 938476215),
(86, 967284531),
(87, 943628751),
(88, 968425731),
(89, 926748531);

INSERT INTO cargo (id_cargo, nombre) VALUES
(1, 'gerente '),
(2, 'viceger'),
(3, 'jefe'),
(4, 'encargado'),
(5, 'supervisor'),
(6, 'operario');



